key,value
gun-expect-relate-civil-receive-be.ps1,Review
involve-trip-line-treat-in-if-manage.log,False
federal-top-no-deep.db,False
near-population-follow-or-for-each.log,False
professor-movie.csv,False
employee-add-degree-born-seem.log,False
draw-eat-office.csv,False
here-rule-however.csv,False
during-how-letter.html,False
great-number-road-agreement-tell.mp3,Review
somebody-term.pem,True
candidate-ahead.html,False
sure-leader-war.xlsx,False
bank-respond-a.pub,True
red-after-chance-add-agreement-yeah.log,False
export-t12-teneighty.jpg,True
ipsum-eveniet.pdf,Review
create-yeah-year.xlsx,False
organization-blood-shake-who-with.log,False
first-head-world.csv,False
mollitia.pdf,Review
owner-growth.xlsx,False
sell-financial,False
form-into-and-fire.xlsx,False
site-probably-add.xml,False
town-call-purpose-piece-painting-else.log,False
board-bed-protect.xlsx,False
where-network-form.html,False
name-behind-hard.pem,True
have-pick-save-pull.pub,False
whose-miss.csv,False
quisquam-maiores.pdf,Review
bed-off-control.pub,False
sing-pattern.csv,True
subject-rate-green.xlsx,False
such-day-glass-happen-case.md,Review
sea-idea-life.csv,False
citizen-budget-form-win-war.log,False
learn-knowledge.html,False
service-minute-side.py,False
fire-sell-around-by.pub,False
deal-ever-high-when-leave-street.ps1,Review
might-democratic.html,False
over-nation-ever.csv,False
himself-half-late.html,False
both-strategy-or-direction-family.log,False
nesciunt-error.pdf,Review
like-face-mouth.html,False
at-several-above.html,False
magni-nemo-vero.pdf,Review
ten-also-store-want-build-best.log,False
will-way-could-head-goal-cost.log,False
bar-test-ability.xlsx,False
cold-consider.csv,False
illum-recusandae.pdf,Review
ist-fressen-zur.pdf,Review
generation-myself-science-per-social.log,Review
zimmer-arbeiten.pdf,Review
get-grow-land-yet.pem,True
dolore-nulla.pdf,Review
if-war-miss-beyond-whatever-interview.log,Review
dolorum-voluptate.msg,False
window-perhaps.html,False
ahead-player-media.pem,True
new-agree-quite-budget-treat.log,False
against-as-body.pub,True
fact-morning-expert-fly-method.md,Review
speech-edge-role-site-event-book.md,Review
cause-bit-book.html,False
evidence-smile-finally,False
partner-eight-its.txt,False
institution-play-necessary.log,Review
do-letter-police.html,False
amount-down-follow-suffer.ps1,Review
manage-several.csv,True
plant-huge-success.xlsx,True
fish-response-month.pdf,Review
inventore-veniam.pdf,Review
few-affect-whatever.pem,True
goal-my-prepare.py,False
decide-firm-office.xlsx,False
verlieren-ihr-fest.pdf,Review
treatment-politics,False
foreign-here.db,False
porro-rem-numquam.pdf,Review
authority.pem,True
imagine-effect.xlsx,False
within-state-really-thus-church-per.ps1,Review
picture-republican.csv,False
wonder-sort-need-join-low-less.log,False
site-ask-remember.html,False
if-store-its-choice.xml,False
themselves-easy.jpg,False
thing-effort-raise.csv,False
choose-mouth-play-everyone-cell.ps1,Review
cup-party-thought-best-girl-sit.log,False
quo-tenetur-eveniet.pdf,Review
key-measure-soon.csv,False
wenig-traurig-sache.pdf,Review
the-what-generation.csv,False
huber-muster.png,True
relate-politics-dream-study-big.log,False
interview-perform.pdf,True
consider-task-red.pdf,Review
service-movement.pub,False
relate-plant-carry-increase-as-tax.md,Review
pay-shoulder-give.pem,True
create-campaign-protect-fish.md,Review
prevent-computer.pem,True
budget-point-store.csv,False
say-stuff-north.pem,True
pm-former-issue-role-federal.ps1,Review
shake-note-believe.pem,True
participant-benefit.png,False
base-lose-wear,False
bar-tonight-board-else-much-size.log,False
we-important-speech.pem,True
simple-easy-finish-direction-reflect.md,Review
college-case-have.xlsx,False
thought-knowledge-media-degree.log,False
seat-free-marriage.xlsx,False
turn-show-series.html,False
cold-nice-among.html,False
threat-physical-cover-professional.md,Review
ask-agreement-sense.pub,False
sign-president.csv,False
share-quite-peace-its-page-study-such.log,False
actually-parent.pub,False
optio-inventore-ea.pdf,Review
college-little.csv,False
gas-capital-win-can-such-pretty-reality.log,False
dog-including-pattern-physical.log,False
schauen-see-wollen.pdf,Review
seite-gelb-wenig.pdf,Review
hotel-north-artist,False
end-myself-happy.csv,False
community-five-go.xml,False
five-kitchen-mr-million-partner.ps1,Review
provident.pdf,Review
sensitive-lotion.txt,True
animal-try-safe.html,False
rich-ability.pem,True
analysis-gas-and.xlsx,False
create-table-them-per-on-leg-first.ps1,Review
former-public.db,True
congress-house-expect-take-nearly,False
velit-voluptas.pdf,Review
mission-both-often.csv,True
environment-note-total-per-look.md,Review
form-firm-sister.csv,False
black-executive.xlsx,False
stay-blue-them-its.xml,False
avoid-speak-table.xlsx,False
ipsa-officia-non.pdf,Review
dolore-libero-rem.pdf,Review
idea-article-for-why-yes-than.log,False
go-benefit-chair.pub,False
make-television.pem,True
side-the-along-range-gas-argue.log,Review
blue-mean-news-over.xlsx,False
since-on-argue.csv,False
marriage-management.xml,False
walk-lead-stage-no-including-very.csv,False
budget-spring-have-term-nation-close.log,False
officer-enjoy,False
strong-television.xml,False
ding-jetzt-stellen.pdf,Review
toward-enter-public-story-national-down.log,False
first-region-large.zip,Review
his-choice.csv,False
inside-certainly.pem,True
discussion-trip-certainly-player,False
movement-one-next-campaign.md,Review
letter-capital-lot-well-east-few-two.ps1,Review
relationship-let.xlsx,False
forget-less-pay-deep-opportunity.mp3,False
bit-final-night.html,False
hundred-face.xlsx,False
final-executive.csv,False
training-human-bag-case-seem-attention.md,Review
success-who-side-that-news-federal.ps1,Review
seek-ball-two-able-science-one.log,Review
statement-choose-pick-bar-grow,False
little-paper-forget.csv,False
mean-operation.html,False
technology-build-tv.pub,False
chair-when-think.zip,Review
research-artist-wear-international.mp3,False
budget-game-their.zip,Review
pattern-exist-such-hour-team-huge-big.log,False
final-special.xlsx,False
real-various-six-hope-land-last.log,False
such-environmental,False
floor-cut-ball.docx,Review
aperiam-accusantium.pdf,Review
cultural-himself-a.pdf,Review
try-top-although.csv,False
edge-thought-can-name-country-memory.ps1,Review
bauen-besser.pdf,Review
autem-ratione-at.pdf,Review
only-its-animal-end.zip,Review
while-exist-party-media-series.ps1,Review
hour-store.csv,False
card-study-order.xlsx,False
professor-film-available-network.log,Review
south-million-lead-billion-air,False
field-subject.pem,True
interesting-break.pem,True
realize-another-job-important.log,False
resource-recent.xlsx,False
will-yourself-red.xlsx,False
certainly-obvious.csv,False
ok-ten-party-law-bar-need-one.log,False
difference-real.xlsx,True
he-much-suddenly.xlsx,False
kitchen-energy.html,False
become-song-close.pem,True
reality-indicate-still-daughter-red.md,Review
second-local.xlsx,False
writer-floor-draw.txt,False
speak-beat-always-issue-total-cup.log,Review
morning-from-tend.html,False
next-decision-whom-stand.md,Review
population-good-amount-because.log,False
team-both-chance.docx,True
head-attention-hot-goal-meeting-why.ps1,Review
some-forward-work.pub,False
really-method-or.csv,False
ago-this-as-simply.csv,False
begin-modern.csv,False
season-along-argue-step-figure.ps1,Review
step-travel-two-let.xlsx,False
someone-ago-safe-occur-such.md,Review
star-day-option.xml,False
reveal-consider.pub,True
citizen-major-hit-congress-full.md,Review
everybody-the-light-many-professional.log,Review
eius-nostrum-quod.pdf,Review
step-suddenly.xml,False
east-road-challenge.pem,True
value-region-by.csv,False
thought-young-chair.png,True
human-today-month,True
tend-become-charge.py,False
ahead-form-citizen.xlsx,False
develop-deal-family-when-near-marriage.ps1,Review
hospital-thing.csv,False
oil-several-eye.pem,True
environmental-rock-risk-kind.ps1,Review
accept-name-above.pub,False
spring-trial-town.xlsx,False
life-appear-other.xlsx,False
such-understand.xlsx,False
education-rather-establish-increase.log,False
friend-open-economy.pdf,True
meta-object.jpg,True
right-clearly.pem,True
win-common-positive-sea-assume.md,Review
reality-consider-commercial-ready.log,False
fear-worry.html,False
important-popular.db,False
move-sea-number.png,True
see-happy-story.xlsx,False
defense-couple-or-service-be.log,False
office-structure.pem,True
spend-me-always.xlsx,False
idea-experience-only-cup-player.md,Review
study-compare.csv,False
feeling-nice-almost.csv,False
personal-call-might-remember-exist.log,False
labels.csv,False
ipsum-saepe-non-rem.pdf,Review
hard-hear-method.xlsx,False
quas-repellendus.pdf,Review
corrupti-inventore.pdf,Review
section-method.csv,False
meeting-study-free-possible-these.md,Review
some-know-all-phone.xlsx,False
heavy.pem,True
brother-item-film-yard-citizen-modern.ps1,Review
difficult.csv,False
rise-recognize.jpg,True
idea-beyond-policy.xlsx,False
wort-hangen-man.pdf,Review
decade-more-product.xlsx,False
data-true-for-what-see-evidence.ps1,Review
believe-exist-white.csv,False
stand-value-save.xlsx,True
financial-example-professor-short.ps1,Review
platz-musik-eis.pdf,Review
ten-summer-answer,False
room-person-live-protect-high.md,Review
sea-raise-fast-avoid-magazine-the.log,False
pariatur-dicta-quam.pdf,Review
green-dark-whose-phone-public.md,Review
sit-near-short-field-dark-start.ps1,Review
quaerat-a-quia.msg,False
message-senior.png,False
treatment-own-standard-eye-out-my.ps1,Review
into-particular-win.xml,False
employee-rock-speak.csv,False
article-fire-across.pem,True
into-better-wrong-head-continue-need.ps1,Review
strong-admit-tell-increase-although.ps1,Review
recognize-little.db,False
choice-hit-trade-indicate-me-recent.log,False
half-modern.png,False
company-expert-life-wear-indeed.md,Review
chair-way-any-serve.xlsx,False
seven-expect.pem,True
defense-movement-up.csv,False
dicta-dicta-quaerat.pdf,Review
point-see-modern,False
reality-join-majority-think,False
sollen-gehoren-nah.pdf,Review
value-two-candidate-arrive-try.log,Review
become-when-and-instead-himself,False
member-inside-similar-bill-doctor.log,False
south-our-century-lose-job-but,False
kid-quality-take.docx,Review
hear-eat-property.csv,False
last-much-method.db,False
big-change-positive-walk-north-reach.ps1,Review
autem-labore.pdf,Review
data-kitchen-human.csv,False
democratic-teacher.xlsx,False
explain-respond.html,False
service-right.jpg,Review
more-store-leave.pem,True
everyone-member-gun-middle-seek.log,Review
place-box-rich.xml,False
yet-you-age-must.xml,False
american-way-mean.html,False
daughter-reflect.html,False
ten-account.html,False
better-method.csv,True
anything-none-send.html,False
themselves-increase.db,False
admit-become-music-action-majority.mp3,False
consider-dinner.csv,False
of-drop-carry-two.csv,False
hundred-generation.pem,True
report-wish-not.db,False
cost-control-mother-base-republican,False
store-fly-process.pdf,True
necessary-receive-event,False
pattern-oil.png,Review
future-far-officer-then-life-capital.log,False
short-international-likely-something.log,False
mind-career-ago.xlsx,False
certain-material.csv,False
build-a-body-cut.xlsx,False
government-tax-her.html,False
bank-source-head-whatever-six.md,Review
catch-actually-bed.html,False
determine-capital.csv,False
error-tempore-id.pdf,Review
probably-to-him-approach-sea,False
effect-majority.xlsx,False
increase-her-next.pem,True
population-blue-sense-yet-central,False
cupiditate-saepe.pdf,Review
argue-first.html,False
aperiam-reiciendis.pdf,Review
pariatur-eaque.pdf,Review
eltern-uhr-sieben.pdf,Review
down-night-former.xlsx,False
voice-nor-design.xlsx,False
another-open.csv,False
determine-heavy.csv,False
do-affect-sound-camera-arm-quickly.log,Review
first-eye-instead.csv,False
suddenly-seven-do-people-place.md,Review
carry-grow-today.pub,False
fight-alone-wall.py,False
blanditiis-quas.pdf,Review
character-difficult-eight-tree-man.log,False
each-under-left-half-whatever.log,False
tv-leg-six-perform-which-site-eye.md,Review
bed-off-control.pem,True
analysis-painting.jpg,True
everybody-place.pdf,Review
here-mention-war-foreign-then-ten.md,Review
minus-ad-aliquid.pdf,Review
third-town-recently.pub,False
skill-watch-family.xlsx,False
region-itself.pub,False
beat-begin-face.csv,False
international.xlsx,False
modern-former-seem.py,False
right-source-over-wall-ahead-check.log,False
velit-consectetur.pdf,Review
odit-laudantium.pdf,Review
raise-third-sound.pdf,True
life-painting-team.pub,False
often-though.csv,False
including-sound.xlsx,False
bad-follow-even.docx,Review
environment-world.xlsx,False
far-let-because.csv,False
ever-should-writer.html,False
cumque-debitis-sed.pdf,Review
church-just-there.xlsx,True
she-identify-carry.html,False
mrs-popular-control.pub,False
grow-agency-baby-ever-stay-test.csv,False
service-employee.xlsx,False
buy-president-baby.pub,True
memory-culture-big.xml,False
computer-always-air-because-lay.ps1,Review
not-address-state-medical-general.log,False
offer-national-rate-walk-nature.log,False
air-everybody-talk.txt,False
whose-sort-end.zip,Review
bit-structure,False
stuff-heavy-paper.pub,True
often-simply.xlsx,False
republican-accept.db,False
offer-order-remain-dog-never.md,Review
organization-north-wife-space-rich.ps1,Review
home-ago-official.csv,False
light-whole-recent.xlsx,False
trade-community.db,False
talk-apply-pay.html,False
eligendi-labore-a.pdf,Review
onto-north-central.html,False
fish-five-finally-store-than-foreign,False
btc-cwd.jpg,True
wait-newspaper-rate-bring-skill.log,False
market-floor.xlsx,False
threat-exactly.csv,True
fish-prepare-walk-agency-entire-focus.log,False
id-distinctio.pdf,Review
resource-figure.csv,False
wait-business-must-we-just-yet,False
piece-weight-middle-head-stuff-would,False
professor-away-type-style-school-later.md,Review
road-on-third.pub,True
like-whether-cut.csv,False
imagine-positive-leader-hold-crime,False
quality-general.csv,False
vero-ex-corrupti.pdf,Review
couple-start.txt,False
distinctio-incidunt.pdf,Review
quaerat-eius-modi.pdf,Review
bank-white-shoulder.html,False
perform-week-note,False
view-reveal-realize.txt,False
hand-out-yes-stand-create-player-black.ps1,Review
field-remember-meet-want-beautiful-like.md,Review
west-total-million-quality-large-hear.log,False
serious-develop.xlsx,False
visit-very-increase,False
want-cover-then-spring-last-you.md,Review
inventore.pdf,Review
final-agreement.html,False
schlimm-durfen.pdf,Review
tree-decade-follow,False
represent.pem,True
realize-much-in.html,False
edge-local-give-on-piece-natural.log,False
need-plant-reach.xml,False
summer-someone-cell-happy-around-red,False
be-pass-bad-east,False
libero-expedita-non.pdf,Review
million-three-movie.pem,True
store-note-four.xlsx,False
east-join-thus-his-then-book.ps1,Review
deep-citizen.csv,False
great-crime-lay.xlsx,False
forward-example.png,False
order-key-agency.docx,Review
during-city-manage.xlsx,False
maybe-third-despite.csv,False
huge-stock.db,True
every-seem-decade.csv,False
read-six-last-prove-off-tonight-brother.log,False
might-walk-growth.pub,True
everyone-win-first.pub,True
role-eight-play-arm-southern-property.log,False
voluptas-sapiente.png,True
range-home-view.pem,True
else-do-little.pem,True
force-apply-fear-game-forward-owner.md,Review
have-shoulder.html,False
amount-discussion.png,True
begin-wonder-center-consumer-my-task.log,False
question-standard-late-later-work-box,False
einmal-sehr.pdf,Review
resource-ball-kid-position.log,Review
four-evening-stuff.csv,False
price-my-particular-officer-yet.log,Review
others-well-issue.xlsx,False
method-choice-during-not-receive.log,False
from-modern-perform-financial.log,Review
key-play-difficult-right-technology,False
etwas-dort-fu-bild.pdf,Review
while-hundred-list.db,True
year-within-class-fish-agent.md,Review
treat-in-area-be-catch-young-talk.log,False
age-security-middle-economic-law-book.log,False
apply-kid-enjoy-think-road-no-again,False
can-state-land.pub,True
daughter-turn-will.xlsx,False
else-page-tough-business-meet-less.log,False
physical-mrs-will.html,False
their-financial.pem,True
she-sign-thus-else.pub,False
act-girl-raise-word-kind-south-student.log,False
security-along.html,False
great-compare-loss.pdf,True
style-firm-claim.txt,True
bit-throughout-stay.xlsx,False
themselves-pay-most-involve-guess,False
defense-year-catch.pem,True
material-either.pdf,True
force-agreement.pem,True
design-watch-create.pem,True
others-subject.xlsx,False
vielleicht-holen.pdf,Review
finger-treffen.pdf,Review
wall-memory.xlsx,False
visit-too-believe.txt,False
vel-fugiat.msg,False
meta-export.jpg,True
happen-world-guess.xlsx,False
skin-course-moment.pub,True
money-rather-which,False
staff-go-pull-learn.pub,False
mr-rest-unit-bring.html,False
material-local-pick-lose-machine.log,False
throw-theory-member.html,False
soon-according-task-local-movie.log,False
zehn-durch-doch.pdf,Review
benefit-majority.html,False
raise-visit-hope.html,False
can-head-technology-employee-senior.log,False
truth-level-policy.html,False
future-if-summer.xlsx,False
develop-throughout.xlsx,False
year-toward-wish.pub,False
name-turn-add-take.html,False
whether-necessary.pem,True
skin-radio-how,False
hold-training.pem,True
stuff-although-they,False
evidence-message.xlsx,False
truth-last-although.csv,False
back-close-agree.txt,False
such-prepare-song,True
trip-receive-common-remember-certainly.ps1,Review
indicate-night-born-watch-loss-one.ps1,Review
mama-man-wahr-nah.pdf,Review
product-phone-most-number-authority.log,Review
case-car-lay-report.xlsx,False
good-many-that-draw.db,False
five-including-bar-shoulder-spend.md,Review
near-open-approach-accept-live-since.log,False
optio-laborum.pdf,Review
morning-stay-ask.xlsx,False
each-ground-can-writer-draw-whom.ps1,Review
history-star-former-station.log,Review
bed-read-son,False
themselves-agent,True
system-time-nation.pdf,True
improve-leave-type.csv,False
republican-young-room-their.md,Review
into-four-simply.xml,False
social-help-answer-answer-job.md,Review
year-toward-wish.pem,True
enjoy-financial-black-reflect.log,False
establish-media.docx,Review
truth-why-grow,False
law-town-offer-too.xlsx,True
success-choose.xlsx,False
so-political-common.pem,True
other-understand-involve-imagine.md,Review
factor-western.pdf,True
campaign-any-too.db,False
nemo-aperiam.pdf,Review
current-bit-science.xlsx,False
incidunt-officia.msg,True
total-quickly.xlsx,False
health-woman-center-explain-production,False
key-job-heavy-town-religious.log,False
qui-debitis.msg,False
voice-none-also-material-word.log,False
production-right-significant-go.md,Review
bring-who-manager-organization-chance.ps1,Review
especially-throw-eat-road-statement.log,False
molestiae.pdf,Review
husband-option-fall.html,False
seat-moment-service.html,False
describe-do.csv,False
again-civil-trade.pem,True
vote-provide-seem-result-marriage.log,False
indeed-dog-late.csv,False
my-new-accept-pay.csv,False
add-make-manager.html,False
western-he.csv,False
stand-rule-politics,False
offer-single-green-reason-choice.log,False
visit-arm-day.db,False
find-they.xlsx,False
bett-mann-tief.pdf,Review
right-right-usually-over-arrive-medical.md,Review
candidate-work.csv,False
at-face-movie-hit-trip-recognize.md,Review
remain-create-study.csv,False
despite-head-hit-continue-able.log,False
save-know-mr-choice-ago-none.md,Review
avoid-finish-pm.csv,False
develop-or-build.pdf,Review
before-focus-ten.html,False
wear-growth-ask-by-south-design-down.md,Review
table-start-cost.xlsx,False
he-surface-soon.csv,False
want-record-home.pem,True
throw-wind-market.xlsx,False
around-goal-head.csv,False
image-talk-point-ball-commercial.ps1,Review
model-congress.xlsx,False
a-station-yet-watch-enough-pay-industry.csv,False
ist-neu-geben-licht.pdf,Review
hundred-someone.xlsx,True
nor-public-join-me.csv,True
per-movement.xlsx,True
again-tax-environment.md,Review
keep-election-close.pdf,Review
fill-fine-identify.db,True
window-region-hit.zip,Review
else-outside.html,False
serve-specific.html,False
foot-front-until-image-whatever.md,Review
mollitia-quo-autem.msg,False
key-air-imagine.csv,False
particularly-critical.csv,False
free-southern-close.html,False
travel-man-perform-feel-game-action.log,False
door-rule-low.pem,True
pressure-hour-car-eight.log,False
either-research.docx,Review
laugh-subject-good.pem,True
simple-however-also.html,False
dicta-est-corporis.pdf,Review
system-how-language-prove-remain.md,Review
provident-vel.pdf,Review
author-none-senior.pub,True
somebody-politics.pdf,Review
economy-baby-change-reduce-several-seem.md,Review
safe-pressure.xlsx,False
natural-stage-their-play-seem-question.md,Review
next-suggest.html,False
score-phone-station-form.ps1,Review
town-grow-might-television-pressure.md,Review
degree-happy-career.xlsx,False
need-east-health.py,False
out-whose-enter-today-social-be.md,Review
station-someone.csv,False
somebody-above-even-very-safe.ps1,Review
perferendis.pdf,Review
interest-successful.csv,False
really-scientist.csv,True
west-power-yourself.xlsx,False
letter-style-them-teach-institution,False
space-resource.pub,True
follow-turn-them-audience.md,Review
you-front-while-heavy-professional.log,False
product-enough-far.xlsx,False
doctor-skin-want.zip,Review
week-we-page-almost-response-other.log,Review
that-specific-enter.csv,False
field-again-machine.png,False
event-control-perhaps-oil-pass.log,False
near-treatment.py,False
development-budget.db,False
veniam-quisquam.pdf,Review
realize-professor-final-how-small-by.ps1,Review
decide-everything.docx,Review
could-could-model.pem,True
quam-accusantium.pdf,Review
take-a-professor,True
nam-minus-nemo.pdf,Review
follow-shake-way.csv,False
although-tv-wide-american.log,False
blue-admit-kitchen.html,False
red-example-trial,False
become-song-close.pub,True
standard-relate-process-sport-next.ps1,Review
esse-ipsum.pdf,Review
long-believe.html,False
go-benefit-chair.pem,True
every-million-drive.csv,False
harum-quam-saepe.pdf,Review
pressure-main.py,False
baby-thing-follow.docx,True
would-him-entire.csv,False
do-own-better.pem,True
head-especially-great-every.ps1,Review
score-professional.html,False
enim-at.pdf,Review
tv-necessary-piece.xlsx,False
husband-view.xlsx,False
scene-prepare.pem,True
condition-glass.xml,False
deserunt-recusandae.pdf,Review
full-central-large-outside-event.log,Review
produce-player-key.pub,False
too-officer.pub,False
none-mention-only.pem,True
edge-type-relate.db,False
hour-land-center.csv,False
recognize-also.pub,False
quisquam.pdf,Review
what-difficult-usually-pm-fill.md,Review
just-similar-which-girl-herself-model.ps1,Review
individual-raise.pem,True
significant-use.csv,False
escrow-ether.png,True
us-thought-probably.csv,True
debitis.msg,True
ground-win-check-face-possible-law.md,Review
auf-gegen-sonne.pdf,Review
particular-become-after-never.md,Review
politics-way-money.html,False
role-six-whole-single-enough-think,False
practice-soldier-class-age-recently.md,Review
fish-fine-week.xlsx,False
later-at-provide.xlsx,False
place-myself-home.pub,True
station-stand-pull.xlsx,False
she-strategy-many-to-positive-if.log,False
growth-relationship.docx,True
newspaper-adult-speech-wonder-bill.ps1,Review
wish-herself-friend.xlsx,False
foreign-which-top-student-six-bag.ps1,Review
six-last-behavior.csv,False
chair-would-item.xlsx,False
dolores-sunt.pdf,Review
ipsum-consequuntur.pdf,Review
maxime-harum.pdf,Review
peace-culture-my-pretty-move-just.ps1,Review
represent-able-we,False
while-remain-reach.csv,False
sign-machine.xlsx,False
voluptatum.pdf,Review
firm-chair-say-gun-get-nature-although.ps1,Review
religious-speech.pub,False
one-edge-power-next.py,False
system-from-important-tree-add.ps1,Review
edge-foot-miss.pub,True
item-someone-side,False
away-player-win.pub,True
response-since-save-tv-night.md,Review
factor-prevent.docx,Review
expect-will-person.zip,Review
everyone-chair-economic-nearly.md,Review
throw-peace-act-stage-nice-perform.log,Review
line-above-father-current-student.md,Review
tempore-deserunt.pdf,Review
piece-piece-spring.txt,False
none-senior-hour.pem,True
quo-quia-labore.pdf,Review
quasi-debitis.pdf,Review
onto-ground-store.zip,Review
authority-once-blue-trial-mean-but,False
trip-claim-blood.csv,False
trade-old-get-skin-general-party-would.log,False
fly-camera-book.xml,True
process-song-during.db,False
huge-least-program-mouth-build.log,False
fact-experience-prepare-minute.log,False
day-sport-against.csv,False
measure-card-long-while-coach-table.md,Review
direction-wish.csv,False
century-recently.xlsx,True
trouble-if-safe.xlsx,True
voluptatem-minima.jpg,True
cumque-repellat.pdf,Review
time-rich-city-pattern-land-staff,False
only-room-night-nor-rule-case-day.md,Review
stark-nase-oma.pdf,Review
fear-pattern-agree.html,False
within-resource.xml,True
product-task-worker-miss-investment.mp3,False
specific-happen-explain-member-sure.mp3,False
necessary-lawyer.xlsx,False
growth-anything-message-form-make.md,Review
benefit-local-must-feel-even-sometimes.md,Review
water-could-treat-be-nothing-specific.md,Review
avoid-pass-service-themselves-mouth.md,Review
pretty-draw-phone-difficult-who-fly.log,False
deleniti-est-sit.pdf,Review
cover-feeling-radio-occur-always.log,False
approach-suggest.csv,False
none-finally-certainly-us-boy.ps1,Review
world-southern-feel-personal-benefit.md,Review
illo-id-et-ullam.jpg,True
responsibility-born.pem,True
form-tend-we.html,False
sorted,Review
impedit-placeat.pdf,Review
stand-middle-really-whole-that-police.log,False
difference-table.xlsx,True
happy-hand-reach.xlsx,False
various-more-leader.csv,True
might-how-tough-century-describe.md,Review
in-velit-aliquid.py,False
feel-whether-eight-condition-car-class.log,Review
race-specific.pub,False
prevent-computer.pub,False
middle-alone.pem,True
none-detail-late-choice-same-or-risk.log,False
up-produce-front.pem,True
ok-middle-region.html,False
light-production-because-fly-year.md,Review
course-republican-necessary-reveal.log,Review
risk-follow-machine-them-easy-word-hold,False
feeling-west-at-decide-career,False
evening-can-up.csv,True
special-account-current-reflect.md,Review
near-light-run.pem,True
eat-go-center-year.pdf,Review
see-bag-society-six-effect-speech,False
realize-little-garden-condition.md,Review
follow-especially.xlsx,False
eat-line-six-total.xlsx,False
business-stand-rest-drop-pass-find.log,False
director-once-night.xlsx,False
among-defense-us.db,False
space-door-result.pem,True
example-shoulder.docx,Review
start-raise-say.zip,Review
federal-run.pub,True
station-although.csv,False
teach-nature-drop.xlsx,False
north-wonder-so-keep-heavy-too.md,Review
live-attention.xml,False
within-market.xlsx,True
contain-film-cell-father-ball.ps1,Review
top-rich-wait-lot.xlsx,False
how-majority.pem,True
international.csv,False
make-per-foot.csv,False
including-get.xml,False
turn-bed-standard-serve-nice-research.log,False
porro-explicabo.pdf,Review
ahead-crime-cost-participant-behind.ps1,Review
exercitationem-iure.pdf,Review
bar-court-bill-wait-final-question.ps1,Review
